<?xml version="1.0" encoding="utf-8"?>
<productAdditionalComps>
   <dependsOn>
      <component>
         <name>MuscleSelection</name>
         <locale/>
         <platformList>
            <platform>maca64</platform>
         </platformList>
         <version>2.4</version>
      </component>
   </dependsOn>
   <isControllingProduct>true</isControllingProduct>
   <platform>maca64</platform>
   <productName>MuscleSelection</productName>
   <productNumber>5000</productNumber>
   <productBaseCode>MuscleSelection</productBaseCode>
   <productVersion>2.4</productVersion>
   <releaseFamily>R2024b</releaseFamily>
   <releaseDescription>R2024b</releaseDescription>
</productAdditionalComps>