<?xml version="1.0" encoding="utf-8"?>
<ApplicationInstallerManifest>
   <DefaultInstallationDirectory>/Applications/modelsPreparation/</DefaultInstallationDirectory>
   <ApplicationName>modelsPreparation</ApplicationName>
   <ExecutableName>application/modelsPreparation.exe</ExecutableName>
   <GUID>6f0e62d9-1beb-4a4f-a60d-b282e1990e19</GUID>
   <ApplicationIcon>default_icon_48.png</ApplicationIcon>
   <Logo>default_logo.png</Logo>
   <Version>2.0</Version>
   <Summary>Create 3D models from STL files and manipulate the gape angle</Summary>
   <WelcomePanelText>modelsPreparation 2.0
Create 3D models from STL files and manipulate the gape angle
Pepe Iriarte-Diaz</WelcomePanelText>
   <MCRProducts>
      <MCRProduct>
         <ExternalProductIdentifier>35000</ExternalProductIdentifier>
      </MCRProduct>
      <MCRProduct>
         <ExternalProductIdentifier>35002</ExternalProductIdentifier>
      </MCRProduct>
      <MCRProduct>
         <ExternalProductIdentifier>35003</ExternalProductIdentifier>
      </MCRProduct>
      <MCRProduct>
         <ExternalProductIdentifier>35010</ExternalProductIdentifier>
      </MCRProduct>
   </MCRProducts>
</ApplicationInstallerManifest>