<?xml version="1.0" encoding="utf-8"?>
<productAdditionalComps>
   <dependsOn>
      <component>
         <name>modelsPreparation</name>
         <locale/>
         <platformList>
            <platform>maca64</platform>
         </platformList>
         <version>2.0</version>
      </component>
   </dependsOn>
   <isControllingProduct>true</isControllingProduct>
   <platform>maca64</platform>
   <productName>modelsPreparation</productName>
   <productNumber>5000</productNumber>
   <productBaseCode>modelsPreparation</productBaseCode>
   <productVersion>2.0</productVersion>
   <releaseFamily>R2024b</releaseFamily>
   <releaseDescription>R2024b</releaseDescription>
</productAdditionalComps>