<?xml version="1.0" encoding="utf-8"?>
<ApplicationInstallerManifest>
   <DefaultInstallationDirectory>/Applications/MuscleSelection/</DefaultInstallationDirectory>
   <ApplicationName>MuscleSelection</ApplicationName>
   <ExecutableName>application/MuscleSelection.exe</ExecutableName>
   <GUID>8f236af9-83bb-49d7-a6b7-613916bc4105</GUID>
   <ApplicationIcon>default_icon_48.png</ApplicationIcon>
   <Logo>default_logo.png</Logo>
   <Version>2.4</Version>
   <Summary>App to interactively select and plot masticatory muscles</Summary>
   <WelcomePanelText>MuscleSelection 2.4
App to interactively select and plot masticatory muscles
Pepe Iriarte-Diaz</WelcomePanelText>
   <MCRProducts>
      <MCRProduct>
         <ExternalProductIdentifier>35002</ExternalProductIdentifier>
      </MCRProduct>
      <MCRProduct>
         <ExternalProductIdentifier>35003</ExternalProductIdentifier>
      </MCRProduct>
      <MCRProduct>
         <ExternalProductIdentifier>35010</ExternalProductIdentifier>
      </MCRProduct>
   </MCRProducts>
</ApplicationInstallerManifest>